clouds,datetime,dewpt,dhi,dni,ghi,max_dhi,max_dni,max_ghi,max_temp,max_temp_ts,max_uv,max_wind_dir,max_wind_spd,max_wind_spd_ts,min_temp,min_temp_ts,precip,precip_gpm,pres,revision_status,rh,slp,snow,snow_depth,solar_rad,t_dhi,t_dni,t_ghi,t_solar_rad,temp,ts,wind_dir,wind_gust_spd,wind_spd
22,2023-01-01,6.2,29,245,115,96,801,479,16.1,1672614000,2.7,304,6.7,1672610400,9.3,1672585200,0.0,0.0,1011,final,68.8,1011,0,,112,685,5869,2753,2679,12.2,1672560000,304,7.6,3.2
79,2023-01-02,6.2,29,245,115,96,801,481,11.4,1672693200,0.9,136,10.7,1672693200,7.9,1672714800,6.8,6.8,1011,final,80.5,1011,0,,29,686,5879,2765,701,9.5,1672646400,136,7.1,2.7
78,2023-01-03,7.6,29,245,116,96,802,482,11.7,1672801200,0.8,175,7.2,1672794000,7.6,1672747200,0.0,0.0,1014,final,87.3,1014,0,,27,689,5890,2778,639,9.6,1672732800,175,4.1,1.8
95,2023-01-04,9.5,29,246,116,96,803,484,15.5,1672876800,0.9,145,14.8,1672887600,9.4,1672822800,22.3,22.3,1006,final,83.0,1007,0,,28,692,5902,2792,662,12.4,1672819200,145,24.8,6.2
81,2023-01-05,9.7,29,247,117,97,804,486,14.4,1672916400,1.1,197,13.0,1672909200,10.8,1672981200,13.0,13.0,1012,final,83.2,1012,0,,38,695,5917,2807,911,12.5,1672905600,197,15.2,4.4
87,2023-01-06,9.0,29,247,118,97,805,488,15.3,1673046000,0.8,134,7.2,1673031600,11.0,1673017200,0.0,0.0,1022,final,77.5,1022,0,,29,698,5935,2823,690,12.9,1672992000,134,8.0,3.9
94,2023-01-07,7.9,29,248,118,97,806,490,15.1,1673128800,0.9,139,16.5,1673157600,11.8,1673143200,6.0,6.0,1014,final,69.3,1014,0,,30,701,5955,2840,721,13.4,1673078400,139,19.6,7.3
75,2023-01-08,10.4,29,249,119,97,807,492,16.2,1673215200,1.3,156,17.9,1673164800,11.8,1673164800,12.8,12.8,1014,final,78.3,1014,0,,58,705,5978,2859,1403,14.2,1673164800,156,16.2,4.4
85,2023-01-09,10.8,30,250,120,97,808,495,14.5,1673301600,0.9,192,9.8,1673258400,11.2,1673326800,19.5,19.5,1007,final,84.8,1007,0,,33,708,6003,2878,794,13.4,1673251200,192,24.4,3.9
71,2023-01-10,8.9,30,251,121,98,809,497,14.4,1673341200,1.3,192,15.7,1673366400,8.5,1673384400,15.3,15.3,1009,final,78.8,1009,0,,62,712,6030,2899,1490,12.5,1673337600,192,21.6,5.8
96,2023-01-11,10.1,30,252,122,98,811,500,15.3,1673506800,0.9,132,9.4,1673470800,10.9,1673445600,11.3,11.3,1017,final,83.9,1018,0,,24,715,6058,2921,579,12.8,1673424000,132,10.4,6.5
93,2023-01-12,11.0,30,254,123,98,812,502,18.5,1673564400,1.3,140,9.4,1673524800,13.3,1673542800,0.0,0.0,1018,final,74.4,1018,0,,52,719,6088,2943,1244,15.7,1673510400,140,7.5,3.6
91,2023-01-13,10.4,30,255,124,98,813,505,15.4,1673618400,1.4,149,11.2,1673629200,12.1,1673632800,8.3,8.3,1015,final,80.3,1015,0,,52,723,6118,2967,1252,13.8,1673596800,149,9.3,4.0
89,2023-01-14,10.5,30,256,125,98,814,508,14.7,1673726400,0.9,195,12.5,1673715600,10.3,1673762400,16.8,16.8,1006,final,86.1,1006,0,,30,727,6150,2992,731,12.8,1673683200,195,12.8,5.4
89,2023-01-15,8.3,30,258,126,99,816,511,12.2,1673812800,0.9,147,10.7,1673820000,8.7,1673848800,31.5,31.5,1004,final,86.1,1005,0,,25,731,6183,3018,591,10.5,1673769600,147,9.0,3.1
67,2023-01-16,6.4,31,259,127,99,817,515,12.6,1673899200,1.4,297,16.1,1673899200,8.0,1673866800,12.3,12.3,1004,final,76.3,1005,0,,60,735,6216,3045,1434,10.6,1673856000,297,8.8,3.7
7,2023-01-17,6.3,31,260,128,99,819,518,12.8,1673996400,3.0,193,4.5,1673974800,7.3,1673964000,0.0,0.0,1016,final,81.1,1016,0,,128,739,6250,3073,3073,9.5,1673942400,193,5.5,2.1
62,2023-01-18,7.3,31,262,129,99,820,521,12.1,1674079200,1.5,175,8.1,1674100800,7.0,1674054000,1.5,1.5,1020,final,84.2,1020,0,,62,743,6284,3102,1491,9.9,1674028800,175,6.7,2.5
36,2023-01-19,6.1,31,263,130,100,822,525,11.6,1674169200,1.6,283,7.6,1674165600,7.6,1674140400,0.0,0.0,1023,final,78.6,1023,0,,88,747,6319,3131,2106,9.7,1674115200,283,6.9,2.4
1,2023-01-20,1.2,31,265,132,100,823,528,13.2,1674255600,3.0,158,9.4,1674241200,7.5,1674284400,0.0,0.0,1026,final,54.2,1026,0,,132,751,6355,3162,3162,10.3,1674201600,158,6.9,2.9
26,2023-01-21,2.9,31,266,133,100,825,532,13.3,1674342000,2.5,199,6.3,1674334800,4.8,1674309600,0.0,0.0,1028,final,67.4,1028,0,,128,756,6391,3194,3067,8.9,1674288000,199,4.8,1.4
29,2023-01-22,2.7,32,268,134,100,826,536,15.6,1674424800,3.1,271,10.7,1674424800,6.4,1674399600,0.0,0.0,1022,final,61.8,1022,0,,133,760,6427,3226,3195,11.0,1674374400,271,11.9,3.8
4,2023-01-23,-0.7,32,269,136,101,828,540,16.9,1674518400,3.1,175,8.9,1674460800,9.6,1674543600,0.0,0.0,1021,final,40.9,1021,0,,136,764,6463,3260,3260,12.4,1674460800,175,8.2,2.6
3,2023-01-24,5.8,32,271,137,101,830,544,16.1,1674601200,3.2,228,7.2,1674594000,9.4,1674547200,0.0,0.0,1026,final,62.2,1026,0,,137,769,6499,3294,3294,13.1,1674547200,228,4.6,2.0
5,2023-01-25,5.5,32,272,139,101,831,548,17.7,1674691200,3.2,182,7.6,1674673200,7.6,1674655200,0.0,0.0,1027,final,65.0,1027,0,,139,773,6536,3329,3329,12.5,1674633600,182,3.1,1.4
0,2023-01-26,6.9,32,274,140,102,833,552,20.0,1674770400,3.2,209,13.0,1674756000,10.6,1674802800,0.0,0.0,1028,final,57.5,1028,0,,140,778,6573,3365,3365,15.5,1674720000,209,6.8,2.3
25,2023-01-27,7.3,33,275,142,102,835,556,13.7,1674856800,3.2,192,7.2,1674838800,8.3,1674831600,0.0,0.0,1022,final,83.0,1022,0,,134,783,6610,3402,3208,10.2,1674806400,192,5.7,1.6
47,2023-01-28,6.8,33,277,143,102,836,561,12.0,1674946800,2.5,192,7.6,1674950400,6.8,1674921600,0.0,0.0,1015,final,85.0,1016,0,,108,787,6646,3440,2592,9.3,1674892800,192,6.1,2.2
57,2023-01-29,4.3,33,278,145,103,838,565,9.6,1674979200,1.6,255,13.0,1675036800,7.8,1675040400,0.0,0.0,1011,final,74.1,1011,0,,90,792,6683,3478,2169,8.7,1674979200,255,7.8,3.0
3,2023-01-30,-4.5,33,280,147,103,840,570,12.8,1675119600,3.4,138,9.8,1675069200,5.9,1675090800,0.0,0.0,1018,final,39.1,1018,0,,147,796,6720,3517,3517,9.1,1675065600,138,7.0,1.8
2,2023-01-31,-3.9,33,282,148,103,842,574,14.1,1675209600,3.4,170,4.0,1675177200,4.6,1675166400,0.0,0.0,1021,final,41.7,1022,0,,148,801,6757,3557,3555,8.9,1675152000,170,3.3,1.2
46,2023-02-01,3.7,34,283,150,104,843,579,12.6,1675296000,1.1,226,6.3,1675285200,6.0,1675260000,0.0,0.0,1022,final,69.6,1022,0,,46,806,6793,3597,1096,9.2,1675238400,226,4.9,1.4
75,2023-02-02,5.6,34,285,152,104,845,584,14.2,1675404000,1.1,162,6.3,1675404000,5.9,1675346400,0.0,0.0,1023,final,73.9,1023,0,,38,810,6830,3638,907,10.3,1675324800,162,4.5,1.7
78,2023-02-03,8.2,34,286,153,104,847,588,14.0,1675414800,1.5,219,8.9,1675436400,9.5,1675436400,8.3,8.3,1023,final,81.8,1023,0,,53,815,6866,3680,1276,11.3,1675411200,219,7.7,2.7
81,2023-02-04,10.4,34,288,155,105,849,593,14.8,1675555200,1.2,181,11.2,1675551600,10.0,1675519200,3.3,3.3,1018,final,89.5,1018,0,,37,820,6902,3723,887,12.1,1675497600,181,12.2,3.3
46,2023-02-05,7.4,34,289,157,105,850,598,12.5,1675584000,2.5,263,16.5,1675623600,8.7,1675666800,5.0,5.0,1023,final,78.5,1023,0,,136,825,6938,3766,3254,11.0,1675584000,263,8.6,3.5
10,2023-02-06,5.7,35,291,159,105,852,603,14.8,1675724400,3.7,271,6.7,1675717200,7.3,1675695600,0.0,0.0,1028,final,74.0,1028,0,,159,829,6974,3809,3809,10.5,1675670400,271,5.1,2.1
25,2023-02-07,7.8,35,292,161,106,854,608,14.8,1675810800,1.2,224,5.8,1675814400,7.4,1675774800,0.0,0.0,1027,final,82.6,1027,0,,51,834,7009,3853,1236,10.8,1675756800,224,5.3,1.7
24,2023-02-08,8.4,35,294,162,106,856,613,16.5,1675900800,3.2,220,5.4,1675893600,8.0,1675864800,0.0,0.0,1027,final,83.4,1027,0,,117,839,7044,3898,2804,11.4,1675843200,220,4.5,1.5
17,2023-02-09,8.4,35,295,164,106,857,619,17.4,1675983600,3.9,192,5.8,1675983600,8.0,1675951200,0.0,0.0,1025,final,80.3,1025,0,,158,844,7079,3943,3799,12.0,1675929600,192,4.7,1.4
49,2023-02-10,6.8,35,296,166,107,859,624,13.3,1676066400,2.5,190,12.5,1676070000,7.8,1676037600,0.0,0.0,1021,final,78.5,1022,0,,121,848,7114,3989,2915,10.6,1676016000,190,7.1,2.4
57,2023-02-11,5.2,36,298,168,107,861,629,12.5,1676156400,1.6,166,8.1,1676160000,7.7,1676120400,1.8,1.8,1014,final,74.3,1014,0,,103,853,7148,4035,2460,9.7,1676102400,166,5.8,2.1
22,2023-02-12,7.1,36,299,170,107,863,634,17.2,1676239200,4.0,158,5.4,1676203200,7.1,1676206800,0.0,0.0,1014,final,78.7,1014,0,,164,858,7182,4082,3938,11.1,1676188800,158,4.9,1.8
71,2023-02-13,6.5,36,301,172,108,864,640,16.0,1676329200,4.1,197,14.3,1676350800,7.9,1676296800,0.0,0.0,1012,final,77.0,1012,0,,164,863,7216,4129,3947,10.8,1676275200,197,14.8,2.4
23,2023-02-14,0.8,36,302,174,108,866,645,10.9,1676419200,3.7,326,15.7,1676379600,7.5,1676386800,0.0,0.0,1017,final,56.8,1017,0,,169,867,7249,4176,4055,8.9,1676361600,326,19.2,5.3
1,2023-02-15,-1.0,36,303,176,108,868,650,13.6,1676502000,4.2,193,7.6,1676494800,7.3,1676466000,0.0,0.0,1023,final,49.3,1023,0,,176,872,7282,4224,4224,9.7,1676448000,193,6.8,2.6
77,2023-02-16,2.3,37,305,178,109,869,656,11.7,1676592000,1.5,203,4.5,1676595600,5.9,1676552400,0.0,0.0,1023,final,65.5,1023,0,,70,877,7314,4272,1674,9.0,1676534400,203,4.9,1.6
50,2023-02-17,2.7,37,306,180,109,871,661,16.8,1676678400,2.4,143,6.7,1676671200,9.0,1676642400,0.0,0.0,1019,final,57.3,1019,0,,143,884,7348,4320,3435,11.5,1676620800,143,4.9,1.6
39,2023-02-18,3.5,37,308,182,109,873,667,15.3,1676761200,3.7,218,4.5,1676750400,6.4,1676728800,0.0,0.0,1018,final,63.1,1018,0,,161,890,7385,4369,3856,10.8,1676707200,218,3.7,1.6
33,2023-02-19,3.9,37,309,184,110,874,672,16.5,1676847600,3.0,181,4.0,1676858400,6.9,1676815200,0.0,0.0,1018,final,61.8,1018,0,,122,897,7425,4419,2918,11.4,1676793600,181,3.2,1.0
47,2023-02-20,7.1,38,311,186,110,876,678,17.7,1676934000,3.5,195,4.5,1676941200,9.0,1676901600,0.0,0.0,1019,final,71.5,1019,0,,127,904,7468,4470,3044,12.5,1676880000,195,3.9,1.4
47,2023-02-21,4.9,38,313,188,110,877,683,13.4,1677006000,3.4,237,21.9,1677024000,7.4,1677049200,0.0,0.0,1010,final,69.7,1010,0,,158,910,7513,4520,3798,10.4,1676966400,237,22.8,4.6
58,2023-02-22,0.5,38,315,190,111,879,689,8.9,1677106800,2.3,296,16.1,1677099600,6.1,1677128400,0.0,0.0,1008,final,62.1,1008,0,,151,916,7559,4572,3622,7.4,1677052800,296,11.1,4.6
68,2023-02-23,2.3,38,317,193,111,881,694,8.6,1677196800,3.2,204,13.9,1677207600,5.2,1677164400,7.5,7.5,1009,final,71.8,1009,0,,154,923,7606,4623,3703,7.1,1677139200,204,11.7,5.2
72,2023-02-24,3.5,39,319,195,111,882,700,9.0,1677283200,3.0,174,11.6,1677225600,4.7,1677243600,16.5,16.5,1005,final,81.7,1005,0,,92,929,7652,4675,2200,6.4,1677225600,174,10.4,3.7
79,2023-02-25,3.7,39,321,197,111,884,705,9.0,1677373200,1.5,244,6.7,1677312000,5.3,1677337200,0.3,0.3,1012,final,78.8,1012,0,,55,935,7699,4727,1325,7.2,1677312000,244,4.7,2.1
75,2023-02-26,5.4,39,323,199,112,885,711,10.0,1677445200,1.5,167,9.8,1677445200,7.2,1677481200,8.8,8.8,1016,final,79.3,1016,0,,50,941,7744,4780,1207,8.8,1677398400,167,10.5,3.4
66,2023-02-27,3.8,39,325,201,112,887,716,10.2,1677538800,2.1,181,16.1,1677538800,5.6,1677499200,11.8,11.8,1014,final,77.5,1014,0,,80,947,7790,4833,1908,7.5,1677484800,181,20.0,4.0
84,2023-02-28,5.2,40,327,204,112,888,722,11.0,1677618000,1.8,220,11.2,1677625200,6.0,1677578400,12.5,12.5,1011,final,81.9,1011,0,,60,955,7843,4893,1447,8.1,1677571200,220,11.2,4.7
34,2023-03-01,1.0,40,330,208,113,891,733,13.2,1677715200,5.7,339,10.3,1677708000,4.6,1677679200,0.0,0.0,1013,final,61.0,1013,0,,208,967,7923,4992,4987,8.6,1677657600,339,9.7,4.4
27,2023-03-02,3.9,41,332,210,113,892,738,12.2,1677801600,5.7,202,7.2,1677805200,6.8,1677765600,0.0,0.0,1020,final,68.1,1020,0,,200,974,7971,5046,4791,9.7,1677744000,202,5.5,2.5
51,2023-03-03,5.7,41,334,213,114,894,744,12.5,1677884400,1.8,222,9.4,1677888000,7.8,1677852000,0.0,0.0,1017,final,77.8,1017,0,,86,982,8020,5100,2053,9.5,1677830400,222,6.2,2.4
67,2023-03-04,3.9,41,336,215,114,895,749,10.1,1677974400,4.1,226,12.5,1677952800,7.5,1677960000,3.3,3.3,1011,final,69.9,1012,0,,153,989,8070,5155,3672,9.1,1677916800,226,14.8,4.4
59,2023-03-05,3.1,41,338,217,114,896,755,10.1,1678060800,4.6,232,13.9,1678003200,6.5,1678010400,4.5,4.5,1015,final,68.3,1015,0,,205,995,8120,5209,4926,8.8,1678003200,232,10.3,3.5
69,2023-03-06,4.4,42,340,219,114,897,760,11.0,1678143600,2.9,172,8.1,1678140000,6.8,1678107600,4.0,4.0,1020,final,75.2,1020,0,,167,1002,8171,5264,4019,8.7,1678089600,172,6.5,3.0
45,2023-03-07,4.0,42,343,222,115,899,766,10.5,1678222800,2.3,167,7.2,1678226400,6.8,1678197600,1.5,1.5,1021,final,73.3,1022,0,,137,1009,8221,5319,3296,8.8,1678176000,167,6.6,3.0
45,2023-03-08,3.5,42,345,224,115,900,771,11.5,1678320000,5.0,224,9.4,1678273200,7.9,1678284000,4.0,4.0,1020,final,68.5,1020,0,,220,1015,8270,5373,5269,9.2,1678262400,224,6.6,2.6
91,2023-03-09,6.8,43,347,226,115,901,776,12.4,1678431600,2.0,137,12.5,1678424400,7.1,1678359600,26.0,26.0,1013,final,81.7,1013,0,,53,1022,8319,5428,1266,9.8,1678348800,137,22.4,5.0
73,2023-03-10,8.4,43,349,228,116,902,782,13.8,1678492800,2.6,247,11.2,1678435200,10.0,1678456800,9.3,9.3,1010,final,81.1,1010,0,,103,1028,8367,5483,2461,11.6,1678435200,247,20.4,2.6
66,2023-03-11,9.3,43,351,231,116,903,787,14.2,1678572000,2.3,200,6.7,1678568400,9.2,1678536000,0.3,0.3,1015,final,86.6,1015,0,,99,1034,8414,5538,2385,11.5,1678521600,200,6.8,1.8
76,2023-03-12,11.2,45,368,243,116,904,792,14.1,1678651200,2.2,161,9.4,1678662000,12.2,1678626000,5.0,5.0,1017,final,89.3,1017,0,,65,1040,8460,5592,1505,12.9,1678608000,161,9.6,3.7
78,2023-03-13,11.4,44,354,235,116,906,797,17.0,1678744800,2.9,182,7.6,1678741200,12.7,1678712400,1.5,1.5,1017,final,83.2,1017,0,,88,1046,8506,5647,2119,14.3,1678690800,182,7.9,3.4
78,2023-03-14,10.4,44,356,238,117,907,802,16.7,1678820400,2.1,192,17.0,1678820400,9.5,1678860000,19.0,19.0,1007,final,83.8,1007,0,,56,1051,8549,5701,1355,13.1,1678777200,192,15.4,6.6
13,2023-03-15,5.7,44,358,240,117,908,807,13.5,1678917600,5.4,232,7.6,1678921200,7.1,1678888800,0.0,0.0,1015,final,73.3,1015,0,,196,1057,8592,5755,4715,10.4,1678863600,232,5.9,2.0
16,2023-03-16,7.5,44,360,242,117,909,812,14.1,1679000400,6.7,196,7.2,1679004000,8.9,1678975200,0.0,0.0,1017,final,78.6,1018,0,,233,1063,8634,5809,5595,11.2,1678950000,196,5.5,1.4
32,2023-03-17,8.0,45,361,244,117,910,817,17.2,1679094000,3.1,206,7.2,1679094000,9.1,1679061600,0.0,0.0,1018,final,76.4,1018,0,,141,1068,8675,5863,3379,12.3,1679036400,206,4.8,1.8
66,2023-03-18,9.2,45,363,247,118,911,822,17.3,1679180400,2.9,223,9.8,1679202000,10.0,1679148000,0.0,0.0,1015,final,76.5,1015,0,,78,1073,8715,5916,1871,13.6,1679122800,223,3.7,1.6
72,2023-03-19,9.1,45,365,249,118,912,827,14.1,1679209200,2.2,184,10.7,1679248800,10.6,1679292000,7.3,7.3,1009,final,83.8,1009,0,,58,1079,8754,5970,1403,11.8,1679209200,184,13.2,3.7
71,2023-03-20,5.3,45,366,251,118,912,832,11.5,1679356800,5.4,260,7.6,1679302800,9.7,1679378400,0.0,0.0,1012,final,71.4,1012,0,,236,1084,8791,6022,5654,10.4,1679295600,260,5.9,2.6
94,2023-03-21,6.6,45,368,253,118,913,837,11.9,1679425200,3.2,133,22.8,1679439600,8.0,1679454000,36.3,36.3,995,final,81.8,995,0,,73,1089,8828,6075,1748,9.6,1679382000,133,20.5,5.8
78,2023-03-22,7.4,46,369,255,119,914,842,13.6,1679529600,3.0,207,8.9,1679468400,8.9,1679468400,7.0,7.0,1010,final,78.1,1010,0,,137,1094,8864,6127,3297,11.1,1679468400,207,8.8,3.8
48,2023-03-23,6.1,46,371,257,119,915,846,12.1,1679605200,4.7,275,14.3,1679608800,9.8,1679637600,0.3,0.3,1024,final,71.8,1024,0,,234,1098,8899,6179,5614,11.1,1679554800,275,9.8,4.3
23,2023-03-24,2.1,46,372,260,119,916,851,13.6,1679698800,7.1,328,14.3,1679680800,7.2,1679666400,0.0,0.0,1029,final,58.8,1029,0,,244,1103,8933,6230,5855,10.0,1679641200,328,9.2,4.6
15,2023-03-25,2.3,46,374,262,119,917,855,13.3,1679788800,7.6,329,9.4,1679799600,7.1,1679752800,0.0,0.0,1026,final,60.8,1026,0,,261,1108,8966,6281,6268,9.8,1679727600,329,9.0,4.2
4,2023-03-26,1.4,46,375,264,119,917,860,11.9,1679868000,7.6,276,8.9,1679868000,6.2,1679839200,0.0,0.0,1024,final,59.1,1025,0,,260,1112,8998,6332,6252,9.3,1679814000,276,8.7,3.7
24,2023-03-27,3.6,47,376,266,120,918,864,13.8,1679950800,7.7,167,8.1,1679968800,7.4,1679925600,0.0,0.0,1022,final,66.1,1022,0,,258,1117,9029,6382,6186,10.0,1679900400,167,6.1,2.4
79,2023-03-28,5.7,47,377,268,120,919,869,11.6,1680004800,2.5,176,15.7,1680015600,8.6,1680066000,19.0,19.0,1012,final,73.3,1013,0,,85,1121,9060,6431,2038,10.4,1679986800,176,13.8,5.3
76,2023-03-29,6.2,47,379,270,120,919,873,10.5,1680141600,3.2,156,10.3,1680109200,8.0,1680156000,17.8,17.8,1009,final,81.5,1009,0,,134,1126,9089,6481,3213,9.2,1680073200,156,11.6,3.6
29,2023-03-30,5.8,47,380,272,120,920,877,11.9,1680213600,2.9,197,8.1,1680217200,7.3,1680181200,0.0,0.0,1015,final,77.5,1015,0,,128,1133,9120,6530,3082,9.7,1680159600,197,10.0,2.7
23,2023-03-31,5.7,47,382,274,120,921,881,13.3,1680303600,3.4,225,6.7,1680303600,8.4,1680267600,0.0,0.0,1023,final,71.7,1023,0,,193,1140,9157,6579,4637,10.9,1680246000,225,8.4,2.6
24,2023-04-01,6.5,48,383,276,120,921,885,14.2,1680393600,7.4,199,7.2,1680386400,8.2,1680350400,0.0,0.0,1023,final,73.4,1023,0,,275,1146,9198,6628,6598,11.3,1680332400,199,8.8,2.5
45,2023-04-02,6.0,48,385,278,121,922,889,12.5,1680476400,5.1,277,14.8,1680472800,9.4,1680501600,0.0,0.0,1020,final,71.6,1020,0,,222,1152,9242,6677,5320,11.1,1680418800,277,15.4,4.3
6,2023-04-03,1.3,48,387,280,121,922,893,13.2,1680555600,6.6,322,17.9,1680562800,7.6,1680530400,0.0,0.0,1019,final,56.8,1020,0,,267,1158,9286,6726,6404,9.7,1680505200,322,20.6,5.7
16,2023-04-04,2.3,48,389,282,121,923,897,12.5,1680652800,7.9,294,10.3,1680645600,6.8,1680616800,0.0,0.0,1023,final,62.2,1023,0,,262,1164,9330,6774,6298,9.5,1680591600,294,11.6,3.4
30,2023-04-05,5.2,49,391,284,121,923,901,12.4,1680732000,5.7,195,6.7,1680739200,7.5,1680699600,0.0,0.0,1022,final,71.4,1022,0,,194,1169,9374,6822,4666,10.3,1680678000,195,10.4,2.2
66,2023-04-06,6.2,49,392,286,121,924,905,14.2,1680811200,5.1,219,7.2,1680814800,8.7,1680786000,0.0,0.0,1019,final,71.9,1020,0,,167,1175,9416,6869,4010,11.3,1680764400,219,9.6,2.3
87,2023-04-07,8.8,49,394,288,121,924,908,13.9,1680901200,2.6,202,8.9,1680876000,11.0,1680872400,7.5,7.5,1017,final,79.4,1017,0,,73,1180,9458,6917,1764,12.3,1680850800,202,11.6,3.8
62,2023-04-08,8.0,49,396,290,122,925,912,16.1,1680994800,3.1,240,7.2,1680991200,10.5,1680955200,0.0,0.0,1019,final,74.1,1019,0,,119,1185,9498,6963,2860,12.8,1680937200,240,6.4,1.5
14,2023-04-09,7.6,50,397,292,122,925,915,20.3,1681077600,7.6,230,5.8,1681081200,10.2,1681045200,0.0,0.0,1021,final,64.8,1021,0,,289,1190,9537,7009,6938,14.7,1681023600,230,7.6,1.6
30,2023-04-10,10.3,50,399,294,122,926,919,18.3,1681156800,8.8,267,9.8,1681182000,11.6,1681135200,0.0,0.0,1018,final,79.3,1018,0,,293,1195,9574,7055,7027,13.9,1681110000,267,11.2,2.4
44,2023-04-11,8.3,50,400,296,122,926,922,15.2,1681246800,7.7,247,13.0,1681257600,11.0,1681279200,0.0,0.0,1018,final,73.3,1018,0,,226,1200,9611,7100,5436,13.2,1681196400,247,13.9,3.1
5,2023-04-12,3.9,50,402,298,122,926,925,13.7,1681340400,8.7,271,8.9,1681326000,9.8,1681297200,0.0,0.0,1014,final,59.2,1014,0,,298,1204,9646,7145,7145,11.7,1681282800,271,13.2,3.0
5,2023-04-13,2.9,50,403,300,122,927,929,14.3,1681416000,9.0,266,8.9,1681423200,9.4,1681390800,0.0,0.0,1012,final,55.8,1012,0,,297,1209,9680,7189,7139,12.0,1681369200,266,10.8,3.0
12,2023-04-14,5.1,51,405,301,122,927,932,12.6,1681509600,9.0,212,8.1,1681509600,9.2,1681480800,0.0,0.0,1015,final,69.2,1015,0,,287,1213,9713,7232,6885,10.8,1681455600,212,9.6,2.8
32,2023-04-15,5.9,51,406,303,122,927,935,13.2,1681599600,9.0,253,8.1,1681603200,9.3,1681563600,0.0,0.0,1020,final,72.9,1020,0,,295,1217,9744,7275,7091,10.8,1681542000,253,9.6,2.8
27,2023-04-16,5.9,51,407,305,123,928,938,12.9,1681689600,8.2,274,13.9,1681686000,9.2,1681646400,0.0,0.0,1021,final,70.7,1021,0,,303,1221,9775,7317,7274,11.2,1681628400,274,14.4,3.5
68,2023-04-17,6.2,51,409,307,123,928,941,12.6,1681768800,7.3,267,11.2,1681797600,10.0,1681736400,0.0,0.0,1017,final,71.7,1017,0,,180,1225,9804,7359,4314,11.3,1681714800,267,13.4,4.2
37,2023-04-18,3.7,51,410,308,123,928,944,12.7,1681855200,5.1,295,11.6,1681862400,9.4,1681826400,0.3,0.3,1018,final,63.1,1018,0,,232,1229,9833,7399,5564,10.9,1681801200,295,13.4,3.3
8,2023-04-19,4.0,51,411,310,123,928,947,14.7,1681952400,8.9,300,11.6,1681941600,9.3,1681909200,0.0,0.0,1023,final,61.2,1023,0,,310,1232,9860,7440,7439,11.7,1681887600,300,10.8,3.3
5,2023-04-20,5.0,52,412,312,123,929,949,16.8,1682020800,8.5,200,8.1,1682028000,10.3,1681992000,0.0,0.0,1026,final,59.1,1026,0,,308,1236,9887,7479,7393,13.5,1681974000,200,10.8,2.6
10,2023-04-21,8.0,52,413,313,123,929,952,20.4,1682107200,5.6,206,8.9,1682121600,11.8,1682082000,0.0,0.0,1024,final,62.9,1024,0,,246,1240,9912,7518,5900,15.5,1682060400,206,10.0,1.9
31,2023-04-22,9.0,52,414,315,123,929,954,18.9,1682193600,9.5,225,8.1,1682197200,11.7,1682172000,0.0,0.0,1016,final,70.0,1016,0,,259,1243,9937,7556,6204,14.7,1682146800,225,12.4,1.9
36,2023-04-23,8.2,52,415,316,123,929,957,16.5,1682283600,9.0,190,9.8,1682290800,11.3,1682251200,0.0,0.0,1013,final,72.5,1013,0,,307,1246,9960,7594,7377,13.2,1682233200,190,12.4,3.0
14,2023-04-24,5.9,52,416,318,123,929,959,16.6,1682373600,6.6,179,8.9,1682326800,10.6,1682337600,0.0,0.0,1015,final,63.3,1015,0,,300,1250,9983,7631,7204,13.2,1682319600,179,12.0,3.3
15,2023-04-25,7.2,52,417,319,123,929,962,19.8,1682460000,9.0,226,7.6,1682456400,10.6,1682424000,0.0,0.0,1014,final,66.5,1014,0,,274,1253,10005,7667,6570,14.1,1682406000,226,10.0,2.0
28,2023-04-26,8.7,52,418,321,123,929,964,22.4,1682550000,9.5,205,6.7,1682560800,11.0,1682514000,0.0,0.0,1014,final,68.8,1014,0,,317,1256,10027,7702,7619,15.4,1682492400,205,8.0,2.0
8,2023-04-27,9.0,52,419,322,123,930,966,24.8,1682632800,9.8,207,7.2,1682643600,10.9,1682600400,0.0,0.0,1013,final,67.6,1013,0,,322,1259,10047,7737,7719,16.0,1682578800,207,8.0,2.4
40,2023-04-28,9.1,53,419,324,124,930,969,18.3,1682722800,8.7,238,8.9,1682726400,11.1,1682686800,0.0,0.0,1014,final,74.9,1014,0,,303,1261,10067,7771,7281,13.9,1682665200,238,9.6,2.4
61,2023-04-29,8.3,53,420,325,124,930,971,14.1,1682802000,7.0,250,8.9,1682823600,9.8,1682780400,0.0,0.0,1017,final,80.7,1017,0,,290,1264,10086,7805,6952,11.7,1682751600,250,9.6,2.4
46,2023-04-30,7.7,53,421,327,124,930,973,15.1,1682884800,9.4,259,18.3,1682899200,10.1,1682856000,0.0,0.0,1013,final,73.9,1014,0,,273,1267,10104,7837,6555,12.5,1682838000,259,19.0,4.0
56,2023-05-01,6.7,53,422,328,124,930,975,12.3,1682978400,3.7,277,16.5,1682989200,10.9,1683007200,0.0,0.0,1009,final,72.9,1009,0,,140,1270,10122,7869,3361,11.4,1682924400,277,19.0,5.5
81,2023-05-02,7.0,53,422,329,124,930,977,12.8,1683082800,5.3,192,11.2,1683090000,10.0,1683036000,12.5,12.5,1008,final,74.1,1009,0,,213,1272,10139,7900,5113,11.5,1683010800,192,9.2,3.6
87,2023-05-03,8.0,53,423,330,124,930,978,14.1,1683136800,3.1,212,8.1,1683108000,10.7,1683097200,15.5,15.5,1009,final,77.6,1009,0,,97,1275,10155,7931,2340,11.9,1683097200,212,10.8,3.1
73,2023-05-04,8.8,53,424,332,124,930,980,14.0,1683237600,3.7,244,7.2,1683255600,11.0,1683205200,0.0,0.0,1012,final,80.7,1012,0,,137,1279,10172,7961,3290,12.2,1683183600,244,9.2,2.6
72,2023-05-05,8.6,53,425,333,124,930,982,14.5,1683320400,5.9,234,7.6,1683327600,11.6,1683273600,4.5,4.5,1017,final,76.5,1017,0,,180,1283,10189,7990,4318,12.7,1683270000,234,10.8,2.8
75,2023-05-06,9.6,54,425,334,124,930,984,14.4,1683403200,3.2,225,7.6,1683410400,11.8,1683439200,2.0,2.0,1018,final,80.0,1018,0,,131,1286,10208,8019,3150,13.1,1683356400,225,10.4,3.1
33,2023-05-07,7.8,54,426,335,124,930,985,14.8,1683489600,7.7,205,7.6,1683496800,10.6,1683464400,0.0,0.0,1019,final,72.8,1019,0,,222,1290,10229,8047,5340,12.7,1683442800,205,9.2,2.1
44,2023-05-08,7.7,54,427,336,124,930,987,15.2,1683583200,4.3,226,8.1,1683597600,11.6,1683540000,0.3,0.3,1018,final,70.4,1018,0,,181,1293,10250,8075,4334,13.2,1683529200,226,9.6,3.3
41,2023-05-09,8.6,54,428,338,124,930,988,15.7,1683666000,3.9,221,12.5,1683687600,11.5,1683633600,0.0,0.0,1016,final,74.0,1016,0,,156,1297,10271,8102,3746,13.3,1683615600,221,13.4,3.1
39,2023-05-10,7.7,54,429,339,124,930,990,14.0,1683756000,8.6,269,9.4,1683763200,11.6,1683720000,0.0,0.0,1018,final,72.1,1018,0,,307,1300,10293,8129,7374,12.7,1683702000,269,10.8,3.7
32,2023-05-11,8.5,54,430,340,124,930,991,15.6,1683846000,9.2,231,7.6,1683835200,11.5,1683806400,0.0,0.0,1018,final,74.0,1018,0,,307,1303,10314,8154,7363,13.2,1683788400,231,9.6,2.8
33,2023-05-12,9.0,54,431,341,124,930,992,17.0,1683928800,9.2,229,10.3,1683943200,11.6,1683892800,0.0,0.0,1017,final,76.0,1017,0,,313,1306,10335,8180,7501,13.3,1683874800,229,12.9,2.6
35,2023-05-13,10.4,55,432,342,124,930,994,24.9,1684018800,10.4,229,6.7,1684026000,11.4,1683972000,0.0,0.0,1012,final,71.2,1012,0,,336,1308,10356,8204,8062,16.3,1683961200,229,8.8,2.4
26,2023-05-14,9.9,55,432,343,124,930,995,18.2,1684098000,10.4,277,7.6,1684105200,12.1,1684069200,0.0,0.0,1011,final,74.9,1011,0,,335,1311,10377,8228,8038,14.7,1684047600,277,12.8,2.9
61,2023-05-15,10.0,55,433,344,124,930,996,16.4,1684191600,10.2,285,7.6,1684198800,13.3,1684216800,0.0,0.0,1017,final,75.3,1018,0,,318,1314,10396,8251,7635,14.6,1684134000,285,9.2,2.5
49,2023-05-16,10.7,55,434,345,124,930,997,22.1,1684278000,10.4,240,9.4,1684299600,12.4,1684245600,0.0,0.0,1016,final,76.7,1016,0,,321,1317,10416,8274,7715,15.1,1684220400,240,8.8,2.2
60,2023-05-17,9.9,55,435,346,124,930,998,15.8,1684360800,10.1,247,9.8,1684375200,11.4,1684335600,0.0,0.0,1014,final,81.4,1014,0,,313,1321,10435,8296,7512,13.2,1684306800,247,12.9,2.5
66,2023-05-18,9.2,55,436,347,124,930,999,15.0,1684454400,10.3,237,7.2,1684461600,11.4,1684411200,0.0,0.0,1014,final,78.8,1014,0,,313,1324,10454,8317,7523,13.0,1684393200,237,11.2,2.8
66,2023-05-19,9.2,55,436,347,124,929,1000,14.4,1684537200,9.8,235,7.6,1684548000,11.8,1684504800,0.0,0.0,1017,final,78.5,1017,0,,326,1327,10474,8338,7834,12.9,1684479600,235,12.4,3.4
82,2023-05-20,9.5,55,437,348,124,929,1001,14.1,1684616400,8.7,242,9.8,1684638000,11.6,1684591200,0.0,0.0,1019,final,82.0,1019,0,,280,1331,10495,8359,6720,12.6,1684566000,242,11.6,4.1
60,2023-05-21,10.2,56,438,349,124,929,1002,17.8,1684706400,9.3,233,9.8,1684735200,11.6,1684659600,0.0,0.0,1016,final,79.7,1016,0,,284,1334,10516,8378,6806,13.8,1684652400,233,11.3,2.9
36,2023-05-22,9.4,56,439,350,124,929,1003,17.8,1684785600,10.6,237,8.1,1684821600,12.4,1684753200,0.0,0.0,1012,final,73.8,1012,0,,325,1336,10536,8397,7791,14.3,1684738800,237,10.4,2.8
49,2023-05-23,8.6,56,440,351,124,929,1004,16.6,1684882800,9.9,224,8.1,1684908000,12.0,1684850400,0.0,0.0,1011,final,73.0,1011,0,,307,1339,10557,8416,7364,13.5,1684825200,224,11.6,4.5
55,2023-05-24,8.0,56,441,351,124,929,1004,15.5,1684962000,9.4,225,8.9,1684918800,11.7,1684929600,0.0,0.0,1012,final,72.3,1012,0,,310,1342,10576,8434,7451,13.1,1684911600,225,10.4,4.2
73,2023-05-25,8.8,56,441,352,124,929,1005,15.3,1685048400,9.5,239,10.3,1685055600,11.8,1685012400,0.0,0.0,1011,final,75.6,1011,0,,277,1344,10596,8451,6650,13.1,1684998000,239,11.2,3.8
69,2023-05-26,8.7,56,442,353,124,929,1006,15.3,1685138400,10.2,248,7.6,1685098800,11.9,1685109600,0.0,0.0,1014,final,74.1,1014,0,,240,1347,10614,8467,5755,13.3,1685084400,248,10.8,3.8
77,2023-05-27,8.9,56,443,353,124,929,1006,14.2,1685224800,9.9,250,9.8,1685250000,11.8,1685192400,0.0,0.0,1015,final,78.1,1015,0,,290,1349,10632,8483,6955,12.7,1685170800,250,11.6,3.8
82,2023-05-28,9.2,56,444,354,124,928,1007,13.5,1685304000,4.9,227,7.6,1685314800,12.2,1685260800,0.0,0.0,1013,final,79.3,1013,0,,173,1351,10649,8498,4152,12.8,1685257200,227,10.8,3.7
54,2023-05-29,9.3,56,444,355,124,928,1008,16.6,1685394000,9.9,244,8.1,1685397600,12.4,1685347200,0.0,0.0,1014,final,72.8,1014,0,,318,1353,10665,8513,7632,14.3,1685343600,244,12.4,3.6
50,2023-05-30,9.0,56,445,355,124,928,1008,15.5,1685487600,10.5,256,8.9,1685473200,12.6,1685512800,0.0,0.0,1014,final,72.0,1015,0,,313,1355,10680,8526,7506,14.1,1685430000,256,11.6,3.7
70,2023-05-31,8.2,57,446,356,124,928,1009,14.2,1685570400,9.4,234,7.6,1685577600,11.9,1685538000,0.0,0.0,1012,final,73.8,1012,0,,277,1356,10694,8539,6637,12.9,1685516400,234,10.8,4.1
45,2023-06-01,7.9,57,446,356,124,928,1009,15.2,1685646000,10.8,207,8.1,1685653200,12.4,1685620800,0.0,0.0,1012,final,69.7,1012,0,,349,1358,10708,8552,8380,13.5,1685602800,207,11.2,4.2
17,2023-06-02,8.2,57,447,357,124,928,1009,16.8,1685739600,10.8,229,7.6,1685750400,12.0,1685707200,0.0,0.0,1015,final,69.2,1015,0,,350,1360,10720,8564,8393,14.0,1685689200,229,10.4,2.9
34,2023-06-03,9.3,57,447,357,124,928,1010,20.3,1685833200,10.8,232,7.6,1685782800,12.1,1685782800,0.0,0.0,1013,final,69.7,1013,0,,347,1361,10732,8575,8326,15.2,1685775600,232,10.0,2.2
15,2023-06-04,9.0,57,448,358,124,928,1010,17.2,1685912400,10.8,263,10.7,1685876400,12.3,1685944800,0.0,0.0,1010,final,72.3,1010,0,,345,1362,10743,8585,8285,14.2,1685862000,263,14.4,2.7
79,2023-06-05,10.1,57,448,358,124,927,1010,16.5,1685991600,6.7,265,7.2,1686006000,11.9,1685948400,0.0,0.0,1009,final,76.7,1009,0,,250,1363,10753,8595,6005,14.3,1685948400,265,13.6,3.3
80,2023-06-06,10.9,57,448,358,124,927,1011,18.2,1686092400,8.4,249,8.9,1686056400,14.3,1686042000,0.5,0.5,1010,final,73.7,1010,0,,212,1365,10762,8603,5098,15.7,1686034800,249,12.4,3.2
65,2023-06-07,10.7,57,449,359,124,927,1011,17.5,1686175200,3.9,262,8.1,1686178800,14.2,1686135600,0.0,0.0,1014,final,72.6,1014,0,,166,1365,10770,8612,3972,15.7,1686121200,262,11.2,3.2
35,2023-06-08,9.8,57,449,359,124,927,1011,17.3,1686268800,10.6,285,8.9,1686279600,14.5,1686225600,0.0,0.0,1016,final,69.5,1017,0,,351,1366,10778,8619,8424,15.6,1686207600,285,10.4,3.0
75,2023-06-09,9.6,57,449,359,124,927,1011,15.7,1686348000,3.9,264,8.9,1686348000,13.2,1686376800,0.0,0.0,1016,final,73.0,1016,0,,128,1367,10784,8626,3082,14.5,1686294000,264,11.2,3.4
80,2023-06-10,9.1,57,450,360,124,927,1011,15.5,1686434400,3.5,254,7.6,1686438000,11.9,1686409200,0.0,0.0,1013,final,77.9,1013,0,,106,1368,10790,8632,2547,13.0,1686380400,254,10.4,3.3
66,2023-06-11,9.9,57,450,360,124,927,1011,15.8,1686513600,7.1,250,7.6,1686528000,12.4,1686477600,0.0,0.0,1011,final,77.3,1011,0,,261,1368,10795,8638,6271,14.0,1686466800,250,12.0,3.8
62,2023-06-12,10.3,57,450,360,124,926,1012,16.8,1686607200,9.0,256,7.6,1686603600,13.6,1686556800,0.5,0.5,1015,final,74.2,1015,0,,299,1369,10799,8642,7167,15.0,1686553200,256,11.2,3.7
56,2023-06-13,10.3,57,450,360,124,926,1012,16.4,1686693600,10.9,264,8.1,1686693600,13.3,1686722400,0.0,0.0,1016,final,75.8,1016,0,,323,1369,10803,8647,7741,14.6,1686639600,264,11.6,3.3
63,2023-06-14,9.9,57,450,360,124,926,1012,17.2,1686776400,10.8,265,9.8,1686780000,12.7,1686736800,0.0,0.0,1013,final,76.0,1013,0,,260,1370,10805,8650,6243,14.2,1686726000,265,10.8,2.7
44,2023-06-15,9.8,57,450,361,124,926,1012,17.8,1686862800,10.1,266,10.3,1686855600,13.0,1686812400,0.0,0.0,1012,final,71.7,1012,0,,347,1370,10807,8653,8326,15.2,1686812400,266,11.2,2.8
57,2023-06-16,10.8,57,450,361,124,926,1012,18.0,1686949200,8.2,281,10.3,1686963600,14.2,1686906000,0.0,0.0,1014,final,74.1,1014,0,,318,1370,10808,8655,7638,15.6,1686898800,281,13.9,2.7
66,2023-06-17,10.6,57,450,361,124,926,1011,16.6,1687042800,10.8,261,10.3,1687035600,13.3,1687003200,0.0,0.0,1015,final,77.9,1015,0,,335,1370,10809,8656,8037,14.6,1686985200,261,11.6,2.8
12,2023-06-18,8.7,57,450,361,124,926,1011,18.1,1687129200,4.5,240,15.7,1687136400,14.3,1687093200,0.0,0.0,1012,final,64.8,1012,0,,238,1370,10808,8657,5705,15.6,1687071600,240,16.0,3.7
3,2023-06-19,7.1,57,450,361,124,926,1011,17.1,1687222800,10.9,275,15.7,1687204800,12.9,1687176000,0.0,0.0,1015,final,60.3,1015,0,,361,1370,10807,8657,8657,15.1,1687158000,275,18.0,4.1
6,2023-06-20,7.2,57,450,361,124,925,1011,18.4,1687298400,10.9,226,9.8,1687305600,12.8,1687266000,0.0,0.0,1019,final,60.2,1019,0,,361,1370,10805,8656,8656,15.5,1687244400,226,12.8,2.6
21,2023-06-21,8.4,57,450,361,124,925,1011,16.6,1687381200,10.9,230,8.1,1687392000,12.2,1687413600,0.0,0.0,1016,final,70.3,1016,0,,360,1369,10802,8655,8647,14.0,1687330800,230,12.0,2.8
64,2023-06-22,9.0,57,450,361,124,925,1011,16.1,1687464000,10.8,239,9.8,1687467600,12.1,1687417200,0.0,0.0,1014,final,71.8,1014,0,,319,1369,10799,8653,7647,14.3,1687417200,239,13.4,3.8
63,2023-06-23,9.5,57,450,360,124,925,1010,16.1,1687554000,10.8,245,8.1,1687568400,13.9,1687521600,0.0,0.0,1017,final,71.0,1017,0,,320,1368,10795,8650,7682,14.8,1687503600,245,12.0,3.4
63,2023-06-24,9.8,57,450,360,124,925,1010,16.1,1687651200,10.5,266,8.9,1687658400,13.8,1687604400,0.0,0.0,1017,final,74.2,1017,0,,335,1368,10790,8646,8030,14.5,1687590000,266,12.4,4.4
78,2023-06-25,9.4,57,449,360,124,925,1010,15.1,1687726800,9.1,255,8.1,1687741200,12.7,1687705200,0.0,0.0,1018,final,75.0,1018,0,,270,1367,10784,8642,6491,13.8,1687676400,255,11.2,4.2
82,2023-06-26,9.3,57,449,360,124,925,1010,14.6,1687824000,10.4,232,8.9,1687834800,12.1,1687784400,0.0,0.0,1016,final,78.7,1016,0,,303,1366,10778,8638,7280,13.1,1687762800,232,12.0,3.7
77,2023-06-27,9.1,57,449,360,124,925,1009,13.7,1687910400,10.1,223,7.6,1687903200,11.7,1687870800,0.0,0.0,1013,final,79.9,1013,0,,268,1365,10771,8632,6421,12.6,1687849200,223,11.8,3.6
83,2023-06-28,9.1,57,448,359,124,924,1009,14.6,1687989600,9.8,235,9.4,1687978800,11.5,1687960800,0.0,0.0,1013,final,79.5,1013,0,,318,1364,10763,8626,7620,12.6,1687935600,235,11.2,3.0
48,2023-06-29,10.2,57,448,359,124,924,1009,19.5,1688076000,10.4,246,8.1,1688086800,11.6,1688036400,0.0,0.0,1013,final,76.0,1013,0,,342,1363,10755,8619,8212,14.6,1688022000,246,9.6,2.3
19,2023-06-30,10.6,57,448,359,124,924,1008,20.6,1688166000,10.6,238,8.1,1688176800,12.7,1688108400,0.0,0.0,1012,final,72.8,1012,0,,355,1362,10746,8612,8520,16.0,1688108400,238,9.2,2.2
6,2023-07-01,10.8,57,447,358,124,924,1008,22.7,1688256000,10.9,138,6.3,1688252400,13.2,1688212800,0.0,0.0,1011,final,67.5,1011,0,,354,1361,10736,8604,8501,17.8,1688194800,138,7.6,2.6
10,2023-07-02,11.6,57,447,358,124,924,1007,22.7,1688331600,10.5,244,6.7,1688338800,16.0,1688364000,0.0,0.0,1011,final,64.8,1011,0,,343,1359,10726,8595,8242,19.0,1688281200,244,10.4,2.3
51,2023-07-03,11.0,57,446,358,124,924,1007,17.4,1688428800,10.1,245,9.4,1688432400,14.3,1688450400,0.0,0.0,1012,final,75.0,1012,0,,353,1358,10715,8586,8472,15.7,1688367600,245,10.8,2.8
56,2023-07-04,10.3,57,446,357,124,924,1006,16.7,1688504400,10.5,276,8.9,1688518800,13.5,1688479200,0.0,0.0,1013,final,75.7,1013,0,,338,1356,10704,8576,8102,14.8,1688454000,276,11.6,3.3
70,2023-07-05,10.6,56,446,357,124,924,1006,16.5,1688598000,10.1,270,8.1,1688601600,13.4,1688558400,0.0,0.0,1014,final,76.9,1014,0,,325,1355,10693,8565,7801,14.7,1688540400,270,13.4,3.6
81,2023-07-06,10.7,56,445,356,124,924,1005,16.1,1688677200,9.5,259,8.9,1688706000,13.2,1688706000,0.0,0.0,1013,final,79.5,1013,0,,286,1353,10681,8554,6854,14.3,1688626800,259,11.6,3.6
69,2023-07-07,9.8,56,445,356,124,923,1004,15.2,1688770800,9.8,238,8.9,1688781600,12.4,1688734800,0.0,0.0,1012,final,78.1,1013,0,,297,1351,10669,8542,7122,13.7,1688713200,238,12.8,4.3
34,2023-07-08,9.3,56,444,355,124,923,1004,15.8,1688850000,10.6,241,11.2,1688846400,12.9,1688814000,0.0,0.0,1013,final,73.9,1013,0,,320,1349,10657,8530,7679,14.1,1688799600,241,14.0,4.2
77,2023-07-09,9.5,56,444,355,124,923,1003,16.1,1688947200,9.8,263,11.6,1688886000,12.0,1688914800,0.0,0.0,1015,final,76.7,1015,0,,295,1347,10645,8517,7090,13.7,1688886000,263,13.4,4.7
51,2023-07-10,9.7,56,443,354,124,923,1002,17.2,1689030000,10.5,230,8.1,1689026400,12.0,1688997600,0.0,0.0,1015,final,76.8,1015,0,,319,1345,10633,8503,7652,14.0,1688972400,230,9.6,2.7
30,2023-07-11,10.6,56,443,354,124,923,1001,20.9,1689112800,10.6,267,10.7,1689120000,13.1,1689073200,0.0,0.0,1014,final,73.6,1014,0,,340,1342,10622,8489,8165,15.8,1689058800,267,14.4,2.1
47,2023-07-12,9.7,56,442,353,124,923,1001,17.2,1689199200,10.3,248,10.3,1689166800,12.2,1689170400,0.0,0.0,1016,final,76.4,1016,0,,330,1340,10611,8474,7912,14.0,1689145200,248,10.0,3.3
28,2023-07-13,9.9,56,442,352,124,923,1000,19.7,1689292800,10.7,250,7.6,1689289200,12.3,1689253200,0.0,0.0,1016,final,72.0,1016,0,,351,1338,10600,8458,8433,15.2,1689231600,250,10.4,3.1
45,2023-07-14,11.1,56,441,352,124,923,999,21.5,1689375600,10.4,253,7.6,1689386400,12.3,1689336000,0.0,0.0,1014,final,75.4,1014,0,,335,1336,10588,8442,8037,15.8,1689318000,253,9.6,1.8
37,2023-07-15,11.6,56,441,351,124,923,998,22.9,1689462000,10.2,220,7.2,1689469200,13.1,1689422400,0.0,0.0,1012,final,73.7,1012,0,,339,1334,10576,8425,8136,16.8,1689404400,220,8.4,2.2
55,2023-07-16,11.6,56,440,350,123,922,997,21.8,1689541200,5.6,222,9.8,1689544800,14.4,1689498000,0.0,0.0,1010,final,71.0,1011,0,,202,1332,10563,8408,4844,17.4,1689490800,222,14.4,2.2
19,2023-07-17,11.1,55,440,350,123,922,996,21.8,1689627600,10.6,267,8.1,1689645600,15.2,1689660000,0.0,0.0,1011,final,66.5,1011,0,,347,1331,10549,8390,8329,17.7,1689577200,267,12.4,3.1
45,2023-07-18,10.3,55,439,349,123,922,995,16.6,1689714000,10.4,266,9.4,1689714000,13.4,1689746400,0.0,0.0,1013,final,75.3,1014,0,,332,1329,10535,8371,7975,14.8,1689663600,266,12.0,3.4
59,2023-07-19,10.9,55,438,348,123,922,994,17.4,1689807600,10.2,248,9.8,1689832800,12.9,1689757200,0.0,0.0,1016,final,79.0,1016,0,,325,1327,10521,8352,7795,14.7,1689750000,248,10.4,3.0
45,2023-07-20,11.4,55,438,347,123,922,993,22.1,1689894000,10.3,247,8.1,1689836400,13.3,1689858000,0.0,0.0,1016,final,74.4,1016,0,,324,1325,10505,8332,7777,16.4,1689836400,247,9.6,2.5
11,2023-07-21,10.9,55,437,346,123,922,992,22.1,1689980400,10.4,253,7.6,1689991200,14.2,1689944400,0.0,0.0,1013,final,68.8,1013,0,,337,1323,10489,8311,8080,17.2,1689922800,253,8.8,2.3
23,2023-07-22,10.7,55,436,345,123,922,991,24.3,1690063200,9.8,227,8.1,1690070400,13.6,1690027200,0.0,0.0,1010,final,66.4,1011,0,,340,1321,10472,8289,8156,17.8,1690009200,227,9.6,2.0
48,2023-07-23,10.7,55,436,344,123,922,990,18.1,1690146000,7.5,241,10.3,1690153200,14.8,1690117200,0.0,0.0,1012,final,69.8,1012,0,,289,1318,10455,8267,6947,16.4,1690095600,241,11.6,2.8
45,2023-07-24,10.2,55,435,344,123,922,989,18.8,1690246800,10.3,216,8.1,1690254000,13.2,1690207200,0.0,0.0,1017,final,71.8,1017,0,,334,1316,10437,8245,8009,15.6,1690182000,216,11.6,3.0
23,2023-07-25,11.9,55,434,343,123,921,987,22.5,1690326000,10.3,234,7.2,1690340400,13.5,1690293600,0.0,0.0,1016,final,72.2,1016,0,,333,1314,10418,8221,7989,17.4,1690268400,234,10.0,2.4
57,2023-07-26,11.2,55,433,342,123,921,986,18.2,1690408800,10.2,252,11.6,1690387200,14.0,1690380000,0.0,0.0,1015,final,76.1,1015,0,,323,1311,10398,8197,7762,15.5,1690354800,252,11.6,3.1
51,2023-07-27,9.9,55,432,341,123,921,985,16.5,1690502400,10.3,238,8.9,1690473600,13.5,1690470000,0.0,0.0,1015,final,72.9,1015,0,,340,1308,10377,8172,8155,15.0,1690441200,238,12.0,3.8
39,2023-07-28,10.2,54,431,339,123,921,983,19.2,1690588800,10.3,236,9.8,1690596000,12.8,1690552800,0.0,0.0,1016,final,72.5,1016,0,,339,1306,10356,8147,8131,15.5,1690527600,236,10.8,2.8
45,2023-07-29,9.9,54,431,338,123,921,982,18.6,1690668000,10.1,233,7.6,1690675200,13.0,1690639200,0.0,0.0,1017,final,72.3,1017,0,,332,1303,10334,8121,7967,15.2,1690614000,233,10.8,2.8
34,2023-07-30,10.6,54,430,337,123,921,980,20.2,1690758000,10.2,227,7.2,1690761600,13.3,1690707600,0.0,0.0,1016,final,71.9,1016,0,,336,1300,10311,8094,8063,16.1,1690700400,227,10.8,2.8
43,2023-07-31,10.8,54,429,336,123,921,979,18.6,1690840800,10.2,248,8.1,1690837200,14.2,1690801200,0.0,0.0,1015,final,73.4,1015,0,,304,1297,10287,8067,7293,15.8,1690786800,248,11.2,3.1
66,2023-08-01,11.3,54,428,335,123,920,977,15.9,1690930800,8.9,253,9.4,1690916400,14.1,1690945200,0.0,0.0,1016,final,79.8,1016,0,,279,1294,10262,8039,6684,14.8,1690873200,253,11.6,4.1
67,2023-08-02,11.0,54,427,334,123,920,976,15.9,1691024400,9.7,233,8.9,1690999200,14.2,1691042400,0.0,0.0,1017,final,77.8,1017,0,,301,1291,10236,8011,7231,15.0,1690959600,233,12.0,3.7
78,2023-08-03,11.0,54,425,333,123,920,974,16.2,1691107200,10.0,238,8.9,1691103600,13.7,1691056800,0.0,0.0,1018,final,78.8,1018,0,,327,1287,10210,7981,7847,14.8,1691046000,238,13.2,3.8
50,2023-08-04,11.5,53,424,331,123,920,972,18.4,1691186400,10.1,226,10.3,1691200800,13.4,1691157600,0.0,0.0,1016,final,77.6,1016,0,,301,1284,10182,7952,7227,15.7,1691132400,226,11.2,3.1
38,2023-08-05,11.9,53,423,330,123,920,971,22.1,1691269200,10.0,225,9.4,1691276400,13.6,1691229600,0.0,0.0,1015,final,74.0,1015,0,,326,1280,10154,7921,7835,16.9,1691218800,225,10.8,2.7
5,2023-08-06,12.3,53,422,329,122,920,969,24.4,1691359200,10.0,237,7.2,1691370000,15.0,1691319600,0.0,0.0,1015,final,67.5,1015,0,,329,1277,10125,7890,7890,19.0,1691305200,237,10.4,1.9
13,2023-08-07,13.2,53,421,327,122,919,967,24.1,1691438400,9.9,223,10.3,1691467200,14.7,1691470800,0.0,0.0,1014,final,71.8,1014,0,,327,1273,10095,7859,7859,18.9,1691391600,223,10.8,2.4
37,2023-08-08,12.5,53,419,326,122,919,965,18.5,1691539200,7.6,265,8.1,1691524800,14.3,1691488800,0.0,0.0,1014,final,79.2,1014,0,,275,1269,10064,7826,6592,16.3,1691478000,265,12.4,4.0
48,2023-08-09,11.9,53,418,325,122,919,963,19.0,1691614800,9.4,269,9.8,1691618400,14.0,1691647200,0.0,0.0,1013,final,77.7,1013,0,,290,1265,10034,7794,6960,16.0,1691564400,269,11.6,2.7
64,2023-08-10,13.0,53,417,323,122,919,961,18.9,1691701200,9.2,244,10.7,1691712000,14.0,1691650800,0.0,0.0,1014,final,80.5,1014,0,,292,1260,10003,7761,7003,16.5,1691650800,244,12.0,2.8
66,2023-08-11,12.7,52,416,322,122,919,959,19.1,1691791200,8.9,257,7.6,1691794800,15.6,1691748000,0.0,0.0,1015,final,78.8,1015,0,,285,1256,9973,7727,6830,16.6,1691737200,257,10.8,2.9
49,2023-08-12,12.4,52,414,321,122,918,957,21.5,1691884800,9.3,310,7.6,1691870400,15.3,1691906400,0.0,0.0,1015,final,74.8,1015,0,,310,1251,9944,7693,7437,17.3,1691823600,310,9.6,2.1
38,2023-08-13,12.9,52,413,319,122,918,955,22.5,1691964000,9.1,245,14.3,1691989200,14.8,1691920800,0.0,0.0,1014,final,73.5,1014,0,,304,1247,9918,7658,7288,18.2,1691910000,245,10.0,2.0
46,2023-08-14,13.6,52,412,318,122,918,952,22.7,1692057600,6.4,209,8.1,1692050400,16.1,1692014400,0.0,0.0,1013,final,72.5,1013,0,,243,1242,9895,7624,5837,18.9,1691996400,209,8.8,1.9
15,2023-08-15,13.7,52,411,316,122,918,950,23.5,1692129600,7.6,210,7.6,1692140400,16.0,1692097200,0.0,0.0,1014,final,74.5,1014,0,,302,1237,9874,7589,7247,18.8,1692082800,210,9.2,1.9
29,2023-08-16,14.9,51,411,315,122,917,948,23.3,1692226800,9.1,218,7.6,1692237600,16.1,1692190800,0.0,0.0,1013,final,78.2,1013,0,,298,1234,9852,7553,7153,19.1,1692169200,218,10.0,1.9
52,2023-08-17,14.0,51,410,313,122,917,945,20.3,1692298800,8.6,264,11.2,1692309600,15.6,1692277200,0.0,0.0,1011,final,80.6,1011,0,,294,1231,9830,7517,7046,17.6,1692255600,264,15.9,2.5
60,2023-08-18,14.1,51,409,312,122,917,943,21.6,1692392400,8.2,271,8.1,1692352800,16.8,1692349200,0.0,0.0,1010,final,76.3,1010,0,,260,1228,9807,7480,6231,18.6,1692342000,271,14.4,3.1
51,2023-08-19,13.7,51,408,310,121,917,940,19.4,1692486000,8.3,282,8.1,1692482400,16.4,1692453600,0.0,0.0,1009,final,79.6,1009,0,,295,1224,9783,7442,7091,17.4,1692428400,282,11.2,2.3
60,2023-08-20,13.2,51,407,309,121,916,938,28.3,1692572400,8.7,298,7.2,1692565200,15.7,1692522000,0.0,0.0,1006,final,67.9,1006,0,,297,1221,9759,7404,7124,20.0,1692514800,298,8.8,2.1
54,2023-08-21,15.2,51,406,307,121,916,935,22.0,1692658800,5.1,227,9.4,1692648000,17.1,1692615600,0.5,0.5,1011,final,75.3,1011,0,,248,1217,9734,7365,5941,19.7,1692601200,227,13.2,3.6
31,2023-08-22,15.2,51,405,305,121,916,932,22.2,1692734400,8.7,282,7.2,1692738000,18.5,1692712800,0.0,0.0,1015,final,73.6,1015,0,,301,1214,9708,7326,7234,20.3,1692687600,282,10.0,2.2
3,2023-08-23,15.9,50,403,304,121,915,930,29.3,1692828000,9.1,252,7.6,1692828000,18.1,1692795600,0.0,0.0,1012,final,67.5,1012,0,,303,1210,9682,7286,7281,22.9,1692774000,252,10.0,1.9
20,2023-08-24,14.4,50,402,302,121,915,927,22.6,1692860400,9.0,278,8.9,1692928800,17.7,1692943200,0.0,0.0,1012,final,71.2,1012,0,,302,1207,9655,7246,7240,20.0,1692860400,278,12.0,2.6
56,2023-08-25,13.3,50,401,300,121,915,924,19.1,1693004400,8.6,263,7.6,1693011600,16.3,1693029600,0.0,0.0,1015,final,77.2,1015,0,,266,1203,9627,7204,6373,17.5,1692946800,263,10.4,3.1
54,2023-08-26,11.9,50,400,298,121,914,921,18.4,1693087200,9.0,237,8.1,1693101600,15.1,1693058400,0.0,0.0,1016,final,76.1,1016,0,,275,1199,9598,7163,6594,16.4,1693033200,237,10.4,2.3
44,2023-08-27,12.0,50,399,297,121,914,918,20.7,1693177200,8.8,214,8.1,1693188000,14.8,1693137600,0.0,0.0,1016,final,73.2,1016,0,,290,1195,9568,7120,6968,17.3,1693119600,214,9.6,2.4
10,2023-08-28,12.5,50,397,295,120,914,915,22.7,1693256400,8.8,230,8.9,1693270800,16.2,1693227600,0.0,0.0,1015,final,70.7,1015,0,,295,1191,9538,7078,7074,18.4,1693206000,230,10.4,2.4
7,2023-08-29,11.3,49,396,293,120,913,912,24.3,1693350000,8.8,209,7.2,1693292400,15.3,1693303200,0.0,0.0,1014,final,63.7,1014,0,,293,1187,9506,7034,7034,19.2,1693292400,209,10.0,2.6
12,2023-08-30,13.9,49,395,291,120,913,908,29.1,1693429200,8.7,197,7.2,1693436400,18.7,1693400400,0.0,0.0,1011,final,62.9,1011,0,,291,1182,9474,6990,6990,22.5,1693378800,197,9.6,1.8
36,2023-08-31,12.7,49,393,289,120,912,905,19.4,1693465200,8.3,230,8.9,1693519200,15.7,1693486800,0.0,0.0,1007,final,75.8,1007,0,,271,1178,9441,6946,6494,17.2,1693465200,230,12.0,2.7
75,2023-09-01,13.2,49,392,288,120,912,902,18.5,1693620000,2.7,240,9.4,1693602000,15.2,1693569600,0.0,0.0,1009,final,79.8,1009,0,,80,1173,9407,6901,1916,16.8,1693551600,240,12.9,4.3
65,2023-09-02,13.5,49,390,286,120,911,898,21.0,1693695600,2.8,217,6.3,1693641600,16.9,1693645200,0.0,0.0,1014,final,71.8,1014,0,,110,1169,9371,6855,2633,18.9,1693638000,217,8.0,2.2
50,2023-09-03,13.2,49,389,284,120,911,895,19.7,1693785600,5.2,281,7.6,1693782000,15.9,1693753200,0.0,0.0,1017,final,75.8,1017,0,,197,1164,9335,6809,4719,17.7,1693724400,281,9.6,3.0
43,2023-09-04,12.7,48,387,282,119,910,891,19.1,1693868400,8.3,235,8.9,1693882800,14.9,1693839600,0.0,0.0,1015,final,77.9,1015,0,,251,1159,9298,6763,6015,16.7,1693810800,235,10.8,2.5
41,2023-09-05,11.8,48,386,280,119,910,888,20.6,1693951200,8.3,279,8.1,1693958400,15.0,1693918800,0.0,0.0,1012,final,73.7,1012,0,,270,1154,9259,6716,6487,16.9,1693897200,279,8.8,2.5
27,2023-09-06,12.1,48,384,278,119,909,884,19.8,1694037600,8.1,262,7.6,1694041200,14.8,1693998000,0.0,0.0,1014,final,74.7,1014,0,,277,1149,9220,6669,6650,17.0,1693983600,262,10.0,2.3
53,2023-09-07,12.0,48,382,276,119,909,881,19.2,1694127600,8.1,268,7.6,1694120400,14.5,1694149200,0.0,0.0,1009,final,77.3,1014,0,,261,1144,9179,6621,6261,16.2,1694070000,268,10.0,2.4
26,2023-09-08,13.4,47,381,274,119,908,877,22.4,1694210400,8.1,264,7.2,1694206800,14.8,1694156400,0.0,0.0,1006,final,78.8,1016,0,,266,1139,9137,6573,6373,17.5,1694156400,264,9.2,1.8
38,2023-09-09,13.7,47,379,272,119,908,873,21.9,1694300400,7.7,268,7.2,1694318400,14.5,1694322000,0.0,0.0,1007,final,82.2,1017,0,,261,1134,9094,6524,6269,17.1,1694242800,268,8.8,1.9
48,2023-09-10,13.0,47,377,270,119,907,869,20.9,1694383200,8.0,229,6.7,1694390400,14.2,1694354400,0.0,0.0,1007,final,79.7,1016,0,,260,1128,9049,6475,6229,16.8,1694329200,229,9.2,2.0
9,2023-09-11,14.2,47,375,268,118,906,865,20.6,1694469600,7.9,218,10.7,1694473200,15.6,1694498400,0.0,0.0,1005,final,81.3,1015,0,,268,1122,9004,6426,6421,17.6,1694415600,218,11.2,2.8
57,2023-09-12,13.3,47,373,266,118,906,861,19.2,1694556000,7.7,236,7.2,1694502000,15.2,1694512800,0.0,0.0,1004,final,81.8,1014,0,,248,1116,8957,6377,5958,16.5,1694502000,236,10.0,3.2
31,2023-09-13,14.0,46,371,264,118,905,857,20.6,1694646000,7.7,247,7.6,1694599200,14.5,1694671200,0.0,0.0,1004,final,83.0,1013,0,,249,1110,8909,6327,5972,17.1,1694588400,247,9.2,2.3
64,2023-09-14,14.4,46,369,262,118,905,853,19.4,1694721600,7.7,255,8.9,1694732400,14.3,1694674800,0.0,0.0,1004,final,87.5,1013,0,,242,1104,8861,6277,5808,16.6,1694674800,255,11.2,2.2
70,2023-09-15,14.9,46,367,259,118,904,849,18.8,1694811600,7.3,271,7.6,1694764800,16.4,1694768400,0.0,0.0,1005,final,87.0,1014,0,,216,1098,8811,6226,5191,17.2,1694761200,271,10.4,2.9
67,2023-09-16,14.1,45,365,257,117,903,844,19.2,1694905200,6.5,250,7.6,1694908800,16.4,1694858400,0.0,0.0,1005,final,81.0,1015,0,,199,1092,8760,6176,4782,17.5,1694847600,250,10.4,3.3
46,2023-09-17,13.7,45,363,255,117,902,840,19.1,1694988000,5.1,258,7.6,1694988000,16.5,1694955600,0.0,0.0,1006,final,78.7,1015,0,,179,1085,8709,6125,4290,17.7,1694934000,258,11.2,2.7
27,2023-09-18,13.8,45,361,253,117,902,836,19.9,1695074400,7.4,266,7.6,1695078000,16.5,1695103200,0.0,0.0,1006,final,76.9,1015,0,,253,1078,8659,6074,6074,18.1,1695020400,266,10.8,2.9
62,2023-09-19,13.2,45,359,251,117,901,831,18.3,1695153600,7.2,263,8.1,1695189600,15.1,1695182400,0.0,0.0,1004,final,82.2,1014,0,,239,1071,8608,6024,5741,16.4,1695106800,263,10.4,2.5
57,2023-09-20,12.5,44,357,249,117,900,827,18.6,1695240000,7.2,267,8.1,1695261600,15.1,1695196800,0.0,0.0,1001,final,78.3,1010,0,,232,1064,8560,5973,5571,16.4,1695193200,267,11.6,3.3
13,2023-09-21,11.8,44,355,247,116,899,822,19.6,1695326400,7.2,210,8.9,1695337200,15.0,1695290400,0.0,0.0,1002,final,73.8,1012,0,,247,1056,8514,5922,5922,16.7,1695279600,210,10.4,3.0
27,2023-09-22,12.0,44,353,245,116,898,818,18.7,1695416400,6.8,263,7.2,1695423600,15.4,1695448800,0.0,0.0,1006,final,76.1,1015,0,,239,1048,8473,5872,5744,16.5,1695366000,263,8.4,2.0
34,2023-09-23,11.3,43,352,243,116,898,813,18.1,1695510000,7.0,259,7.6,1695506400,14.8,1695474000,0.0,0.0,1007,final,74.9,1016,0,,238,1040,8438,5821,5703,16.0,1695452400,259,9.2,2.3
52,2023-09-24,11.8,43,350,240,116,897,808,18.8,1695592800,5.6,250,7.6,1695600000,14.6,1695542400,0.0,0.0,1007,final,74.3,1016,0,,201,1033,8410,5772,4816,16.6,1695538800,250,9.6,2.7
36,2023-09-25,12.4,43,349,238,116,896,804,22.1,1695682800,2.5,177,7.6,1695679200,15.4,1695646800,0.0,0.0,1008,final,69.3,1017,0,,136,1028,8384,5722,3268,18.7,1695625200,177,11.2,3.5
40,2023-09-26,14.9,43,348,236,115,895,799,20.7,1695758400,6.7,234,12.5,1695765600,16.9,1695729600,0.0,0.0,1010,final,79.4,1019,0,,222,1024,8358,5672,5329,18.8,1695711600,234,10.4,2.4
4,2023-09-27,14.1,43,347,234,115,894,794,22.6,1695852000,6.7,193,11.6,1695855600,16.0,1695880800,0.0,0.0,1007,final,79.3,1017,0,,234,1020,8331,5622,5619,18.1,1695798000,193,15.9,2.1
12,2023-09-28,13.5,42,346,232,115,893,789,21.1,1695934800,6.6,189,7.2,1695884400,15.8,1695888000,0.0,0.0,1004,final,76.4,1013,0,,219,1016,8303,5572,5263,18.0,1695884400,189,10.4,2.2
46,2023-09-29,14.8,42,345,230,115,892,784,17.8,1696017600,4.4,204,8.1,1696021200,15.8,1695992400,0.0,0.0,1001,final,87.3,1010,0,,145,1012,8275,5521,3478,17.0,1695970800,204,13.6,3.4
59,2023-09-30,13.2,42,344,228,114,891,779,17.5,1696118400,2.4,227,10.7,1696078800,14.1,1696082400,0.0,0.0,999,final,83.7,1009,0,,103,1007,8246,5470,2475,16.0,1696057200,227,10.4,3.0
22,2023-10-01,12.2,42,342,226,114,890,774,19.3,1696194000,6.4,216,7.2,1696197600,14.5,1696165200,0.0,0.0,1002,final,78.8,1012,0,,221,1003,8216,5419,5307,16.1,1696143600,216,8.8,1.7
25,2023-10-02,12.7,42,341,224,114,889,769,19.3,1696280400,5.6,212,7.2,1696298400,13.3,1696240800,0.0,0.0,1006,final,84.8,1016,0,,212,998,8186,5368,5092,15.5,1696230000,212,8.8,1.7
10,2023-10-03,12.6,41,340,222,114,888,764,21.4,1696374000,6.2,258,5.8,1696374000,13.9,1696341600,0.0,0.0,1005,final,77.6,1015,0,,221,994,8155,5317,5306,17.0,1696316400,258,5.6,1.8
2,2023-10-04,15.3,41,338,219,113,887,759,31.3,1696464000,6.2,177,4.5,1696449600,17.0,1696424400,0.0,0.0,1004,final,65.6,1014,0,,219,989,8123,5265,5265,22.9,1696402800,177,8.4,1.7
1,2023-10-05,14.5,41,337,217,113,886,754,31.4,1696546800,6.1,301,5.8,1696546800,18.6,1696514400,0.0,0.0,1006,final,58.6,1015,0,,217,985,8091,5214,5214,24.1,1696489200,301,6.8,1.5
1,2023-10-06,13.9,41,336,215,113,884,749,31.7,1696633200,6.0,245,6.7,1696633200,19.9,1696593600,0.0,0.0,1004,final,56.0,1013,0,,215,980,8058,5162,5162,24.2,1696575600,245,5.6,1.9
1,2023-10-07,13.6,41,334,213,113,883,744,30.1,1696716000,6.0,219,5.8,1696708800,18.3,1696744800,0.0,0.0,1001,final,59.9,1011,0,,213,975,8024,5110,5110,22.5,1696662000,219,5.6,2.2
26,2023-10-08,14.0,40,333,211,112,882,739,18.8,1696798800,5.9,242,8.9,1696806000,14.2,1696827600,0.0,0.0,1002,final,84.9,1011,0,,209,970,7990,5059,5015,16.7,1696748400,242,8.0,2.1
80,2023-10-09,13.7,40,331,209,112,881,734,19.7,1696888800,3.0,221,7.6,1696849200,14.4,1696834800,0.3,0.3,1001,final,82.7,1011,0,,105,965,7955,5007,2522,16.8,1696834800,221,8.8,2.6
68,2023-10-10,13.7,40,330,206,112,880,728,18.5,1696982400,4.0,253,14.8,1696993200,15.7,1696950000,0.0,0.0,1000,final,82.4,1010,0,,150,960,7919,4955,3611,17.0,1696921200,253,10.4,3.3
7,2023-10-11,10.4,40,328,204,111,878,723,20.0,1697065200,5.7,298,9.8,1697043600,15.3,1697032800,0.0,0.0,1001,final,65.4,1011,0,,204,955,7882,4904,4904,17.3,1697007600,298,11.2,3.4
23,2023-10-12,10.8,40,327,202,111,877,718,22.3,1697148000,5.3,237,7.2,1697144400,14.6,1697115600,0.0,0.0,1001,final,66.3,1010,0,,173,950,7845,4852,4146,17.7,1697094000,237,6.8,1.8
65,2023-10-13,11.1,39,325,200,111,876,713,19.3,1697227200,2.2,201,7.2,1697241600,15.2,1697202000,0.0,0.0,1002,final,69.3,1012,0,,86,945,7807,4800,2063,16.9,1697180400,201,9.6,1.6
58,2023-10-14,12.9,39,324,198,111,875,707,20.5,1697317200,2.1,249,6.7,1697328000,16.0,1697346000,0.0,0.0,1008,final,75.7,1017,0,,101,940,7768,4749,2421,17.5,1697266800,249,7.6,1.6
50,2023-10-15,14.9,39,322,196,110,873,702,22.1,1697407200,4.8,196,5.8,1697403600,14.4,1697436000,0.0,0.0,1009,final,89.0,1018,0,,189,935,7729,4698,4543,17.0,1697353200,196,8.0,1.6
36,2023-10-16,14.4,39,320,194,110,872,697,22.1,1697497200,1.7,213,6.3,1697500800,13.5,1697454000,0.0,0.0,1009,final,83.4,1019,0,,68,929,7689,4647,1636,17.6,1697439600,213,8.4,1.5
27,2023-10-17,16.4,39,319,191,110,871,692,23.0,1697576400,5.1,209,6.3,1697576400,15.6,1697554800,0.0,0.0,1006,final,91.6,1016,0,,164,924,7648,4596,3934,18.0,1697526000,209,8.0,1.6
10,2023-10-18,15.9,38,317,189,109,869,686,29.0,1697673600,5.2,145,3.6,1697666400,15.9,1697634000,0.0,0.0,1004,final,78.8,1013,0,,189,919,7606,4545,4545,20.5,1697612400,145,6.4,1.4
10,2023-10-19,14.5,38,315,187,109,868,681,28.6,1697752800,5.1,217,5.8,1697749200,15.9,1697781600,0.0,0.0,1004,final,69.6,1013,0,,187,913,7563,4495,4494,21.0,1697698800,217,6.4,1.8
58,2023-10-20,13.6,38,313,185,109,866,676,17.7,1697842800,1.7,289,7.2,1697839200,15.2,1697803200,0.0,0.0,1004,final,84.6,1014,0,,68,908,7520,4444,1624,16.2,1697785200,289,8.8,2.3
48,2023-10-21,11.9,38,312,183,109,865,671,18.6,1697925600,3.0,211,7.2,1697932800,14.8,1697893200,0.0,0.0,1003,final,73.8,1012,0,,118,902,7476,4394,2840,16.9,1697871600,211,10.0,2.1
86,2023-10-22,15.0,37,310,181,108,864,665,18.1,1697994000,1.8,193,8.1,1698008400,15.9,1697972400,1.8,1.8,1000,final,87.9,1009,0,,77,896,7432,4345,1853,17.0,1697958000,193,11.2,3.6
37,2023-10-23,15.0,37,308,179,108,862,660,19.3,1698094800,4.8,206,7.2,1698102000,15.6,1698127200,0.0,0.0,1000,final,88.8,1010,0,,179,891,7387,4295,4293,17.0,1698044400,206,9.2,2.3
48,2023-10-24,13.9,37,306,177,108,861,655,18.8,1698181200,3.9,213,9.8,1698199200,14.1,1698213600,0.0,0.0,1001,final,89.3,1011,0,,145,885,7341,4247,3480,15.7,1698130800,213,8.4,1.9
45,2023-10-25,11.3,37,304,175,107,859,650,16.9,1698264000,2.2,235,8.9,1698264000,13.3,1698231600,0.0,0.0,1006,final,78.4,1015,0,,87,879,7294,4198,2087,15.1,1698217200,235,12.0,2.9
4,2023-10-26,5.7,36,302,173,107,858,644,17.0,1698357600,4.7,237,8.1,1698364800,10.7,1698328800,0.0,0.0,1009,final,60.4,1019,0,,172,873,7247,4150,4138,13.8,1698303600,237,8.4,2.6
23,2023-10-27,7.7,36,300,171,107,856,639,15.9,1698451200,4.4,173,6.7,1698444000,11.0,1698415200,0.0,0.0,1009,final,70.0,1019,0,,170,867,7200,4102,4091,13.3,1698390000,173,9.2,2.3
16,2023-10-28,8.5,36,298,169,106,855,634,19.2,1698534000,4.6,221,6.7,1698526800,10.3,1698494400,0.0,0.0,1010,final,71.2,1019,0,,169,862,7152,4055,4054,14.3,1698476400,221,8.8,1.3
1,2023-10-29,-1.9,36,296,167,106,853,629,22.8,1698620400,4.5,143,8.1,1698620400,12.8,1698584400,0.0,0.0,1011,final,30.8,1020,0,,167,856,7104,4009,4009,17.3,1698562800,143,9.6,1.7
22,2023-10-30,3.8,35,294,165,106,852,624,21.5,1698706800,4.5,207,4.5,1698706800,11.8,1698674400,0.0,0.0,1011,final,45.6,1021,0,,165,850,7055,3962,3962,15.9,1698649200,207,7.2,1.4
39,2023-10-31,6.2,35,292,163,105,850,619,22.7,1698793200,2.2,223,4.5,1698786000,11.9,1698760800,0.0,0.0,1010,final,52.1,1019,0,,82,843,7007,3917,1974,16.4,1698735600,223,7.6,1.6
17,2023-11-01,7.9,35,290,161,105,849,614,20.8,1698872400,2.3,182,3.6,1698868800,12.2,1698843600,0.0,0.0,1009,final,58.3,1018,0,,81,837,6959,3872,1949,16.4,1698822000,182,6.0,1.2
52,2023-11-02,7.4,35,288,159,105,847,609,22.9,1698966000,1.5,183,5.8,1698962400,13.4,1698933600,0.0,0.0,1009,final,53.4,1019,0,,61,831,6911,3828,1462,17.2,1698908400,183,4.8,1.4
15,2023-11-03,10.9,34,286,158,105,845,604,23.8,1699048800,4.3,259,5.4,1699052400,15.0,1699020000,0.0,0.0,1009,final,63.4,1018,0,,158,825,6863,3784,3784,18.6,1698994800,259,5.8,1.6
45,2023-11-04,15.3,34,284,156,104,844,599,22.1,1699131600,3.1,232,9.4,1699146000,15.4,1699149600,0.0,0.0,1008,final,91.3,1018,0,,127,819,6817,3741,3054,16.8,1699081200,232,8.0,1.4
74,2023-11-05,15.3,33,271,148,104,842,595,19.9,1699221600,1.3,173,7.2,1699246800,15.3,1699192800,1.0,1.0,1006,final,89.1,1015,0,,41,813,6772,3699,1027,17.3,1699167600,173,8.8,2.5
48,2023-11-06,14.6,34,280,152,104,841,590,18.6,1699308000,2.9,240,6.7,1699279200,15.4,1699340400,1.0,1.0,1005,final,86.3,1014,0,,142,807,6728,3657,3407,17.0,1699257600,240,10.8,2.8
16,2023-11-07,11.4,33,279,151,103,839,585,17.4,1699401600,4.0,297,7.6,1699394400,13.5,1699369200,0.0,0.0,1010,final,79.0,1019,0,,150,800,6686,3616,3603,15.2,1699344000,297,9.6,2.2
1,2023-11-08,8.3,33,277,149,103,838,580,19.7,1699480800,4.0,276,6.3,1699466400,13.1,1699452000,0.0,0.0,1013,final,64.5,1023,0,,144,794,6647,3576,3448,15.5,1699430400,276,6.4,2.1
36,2023-11-09,8.9,33,275,147,103,836,576,17.6,1699567200,1.6,208,6.7,1699563600,10.6,1699534800,0.0,0.0,1013,final,73.5,1022,0,,56,788,6610,3537,1353,13.8,1699516800,208,5.6,1.3
42,2023-11-10,8.0,33,274,146,102,835,571,19.2,1699657200,3.6,230,6.3,1699653600,11.4,1699610400,0.0,0.0,1010,final,66.4,1020,0,,116,782,6572,3499,2772,14.7,1699603200,230,5.2,1.5
24,2023-11-11,8.4,32,272,144,102,833,567,20.5,1699743600,3.9,216,5.4,1699740000,11.4,1699714800,0.0,0.0,1011,final,64.4,1020,0,,135,778,6535,3461,3238,15.4,1699689600,216,4.8,1.3
41,2023-11-12,9.5,32,271,143,102,831,563,19.4,1699826400,3.8,200,7.2,1699855200,12.0,1699797600,0.0,0.0,1006,final,71.0,1016,0,,135,773,6498,3424,3231,15.0,1699776000,200,7.2,1.9
35,2023-11-13,11.3,32,269,141,102,830,558,16.7,1699912800,3.6,169,5.8,1699912800,13.0,1699884000,0.0,0.0,1004,final,82.4,1014,0,,133,768,6461,3388,3186,14.4,1699862400,169,8.0,1.7
71,2023-11-14,9.8,32,268,140,101,828,554,20.9,1699999200,3.1,127,7.2,1699988400,14.0,1699948800,1.0,1.0,1004,final,62.9,1013,0,,122,764,6424,3353,2928,17.1,1699948800,127,8.8,2.6
79,2023-11-15,9.3,32,266,138,101,827,550,19.8,1700082000,1.5,195,8.1,1700103600,14.8,1700038800,7.5,7.5,1000,final,64.0,1009,0,,64,759,6388,3318,1533,16.4,1700035200,195,7.6,2.1
70,2023-11-16,12.4,31,265,137,101,825,546,19.5,1700179200,1.6,162,5.8,1700136000,14.7,1700139600,1.8,1.8,1004,final,76.0,1014,0,,75,754,6352,3285,1806,16.8,1700121600,162,8.0,1.3
63,2023-11-17,13.5,31,263,135,100,824,542,18.9,1700254800,1.2,170,8.1,1700290800,13.8,1700233200,8.8,8.8,1002,final,85.6,1012,0,,50,749,6317,3252,1201,16.1,1700208000,170,16.5,1.3
70,2023-11-18,14.1,31,262,134,100,823,538,17.1,1700337600,2.2,209,14.8,1700366400,14.0,1700377200,14.0,14.0,1004,final,89.7,1013,0,,85,745,6284,3220,2048,15.8,1700294400,209,15.4,4.3
13,2023-11-19,6.3,31,261,133,100,821,534,16.6,1700434800,3.6,317,7.2,1700420400,11.4,1700402400,0.0,0.0,1016,final,62.6,1026,0,,133,740,6253,3189,3187,13.6,1700380800,317,16.5,3.1
8,2023-11-20,1.1,31,259,132,100,820,531,19.8,1700521200,3.6,138,7.2,1700474400,11.8,1700485200,0.0,0.0,1013,final,41.1,1023,0,,132,735,6223,3158,3158,15.0,1700467200,138,8.4,2.0
65,2023-11-21,7.9,30,258,130,99,818,527,18.0,1700607600,1.1,198,4.5,1700582400,11.0,1700571600,0.0,0.0,1017,final,68.1,1026,0,,33,731,6197,3129,789,13.8,1700553600,198,6.8,1.5
67,2023-11-22,8.5,30,257,129,99,817,524,18.1,1700697600,1.1,230,5.4,1700690400,10.5,1700658000,0.0,0.0,1012,final,70.3,1021,0,,37,726,6174,3101,891,14.0,1700640000,230,5.6,1.2
14,2023-11-23,9.3,30,256,128,99,816,520,18.7,1700776800,3.5,265,4.5,1700780400,10.8,1700751600,0.0,0.0,1003,final,71.4,1012,0,,127,722,6153,3074,3056,14.6,1700726400,265,7.2,1.3
0,2023-11-24,-1.3,30,256,127,99,814,517,16.0,1700870400,3.5,173,7.2,1700823600,10.3,1700838000,0.0,0.0,1005,final,38.7,1015,0,,127,719,6132,3048,3048,13.3,1700812800,173,7.6,1.9
4,2023-11-25,-0.2,30,255,126,98,813,514,16.9,1700949600,3.4,124,7.2,1700953200,9.9,1700902800,0.0,0.0,1009,final,40.8,1019,0,,126,716,6112,3022,3022,13.3,1700899200,124,8.8,1.7
67,2023-11-26,1.4,30,254,125,98,812,511,16.7,1701039600,1.2,154,4.5,1701039600,10.1,1700992800,0.0,0.0,1010,final,47.3,1019,0,,52,713,6092,2998,1251,12.5,1700985600,154,7.2,1.2
14,2023-11-27,3.8,30,253,124,98,811,508,18.4,1701126000,3.2,160,5.4,1701108000,7.7,1701093600,0.0,0.0,1010,final,58.3,1019,0,,124,711,6073,2974,2971,12.0,1701072000,160,8.0,1.2
14,2023-11-28,4.0,30,252,123,98,809,505,16.1,1701212400,3.4,178,5.8,1701208800,9.3,1701176400,5.3,5.3,1010,final,56.9,1019,0,,123,708,6054,2951,2951,12.6,1701158400,178,5.6,1.5
45,2023-11-29,8.6,29,252,122,98,808,502,16.8,1701298800,2.7,171,5.4,1701298800,10.4,1701270000,4.5,4.5,1006,final,76.1,1015,0,,114,706,6036,2929,2735,13.0,1701244800,171,6.8,1.5
28,2023-11-30,8.6,29,251,121,97,807,499,15.6,1701378000,3.1,219,16.1,1701378000,10.5,1701338400,0.0,0.0,1006,final,76.8,1016,0,,121,704,6018,2908,2907,12.7,1701331200,219,14.9,2.6
50,2023-12-01,7.6,29,250,120,97,806,497,15.0,1701468000,2.6,224,6.7,1701500400,9.3,1701439200,0.3,0.3,1011,final,73.8,1021,0,,119,701,6001,2888,2867,12.4,1701417600,224,10.4,2.1
75,2023-12-02,12.4,29,249,120,97,805,494,14.9,1701554400,0.9,149,5.8,1701514800,11.4,1701522000,0.3,0.3,1014,final,95.7,1024,0,,27,699,5985,2869,642,13.1,1701504000,149,7.6,2.5
75,2023-12-03,12.9,29,249,119,97,804,492,16.1,1701644400,1.6,178,4.0,1701622800,12.8,1701615600,0.0,0.0,1016,final,91.8,1025,0,,52,697,5969,2851,1247,14.3,1701590400,178,7.2,1.5
44,2023-12-04,12.2,29,248,118,97,803,490,16.3,1701734400,2.1,193,3.1,1701756000,11.3,1701705600,0.0,0.0,1014,final,95.1,1024,0,,57,695,5954,2834,1373,13.0,1701676800,193,4.8,1.0
59,2023-12-05,11.9,29,248,117,97,803,488,17.5,1701820800,0.9,241,3.6,1701774000,10.8,1701788400,0.0,0.0,1012,final,93.0,1021,0,,27,693,5940,2817,653,13.1,1701763200,241,9.3,1.2
59,2023-12-06,11.5,29,247,117,96,802,486,15.7,1701892800,1.0,205,9.4,1701907200,10.9,1701867600,2.5,2.5,1008,final,87.5,1017,0,,35,691,5926,2802,838,13.5,1701849600,205,12.4,2.7
42,2023-12-07,10.4,29,246,116,96,801,484,14.8,1701979200,1.8,229,7.2,1701979200,10.5,1702018800,1.3,1.3,1013,final,86.7,1022,0,,96,690,5914,2788,2314,12.7,1701936000,229,12.8,2.3
13,2023-12-08,6.9,29,246,116,96,800,482,14.1,1702076400,2.7,235,6.3,1702069200,8.5,1702044000,0.0,0.0,1015,final,78.1,1025,0,,115,688,5901,2774,2769,10.8,1702022400,235,7.2,2.2
32,2023-12-09,2.2,29,245,115,96,800,481,16.5,1702162800,1.7,193,6.7,1702166400,7.8,1702126800,0.0,0.0,1017,final,56.6,1027,0,,65,687,5890,2762,1567,11.3,1702108800,193,6.8,1.1
69,2023-12-10,5.8,29,245,115,96,799,479,14.5,1702245600,0.8,225,4.5,1702245600,7.4,1702216800,0.0,0.0,1015,final,72.1,1025,0,,28,685,5880,2751,683,10.8,1702195200,225,6.8,1.1
13,2023-12-11,7.7,29,245,114,96,799,478,15.7,1702335600,2.6,179,3.1,1702339200,7.5,1702306800,0.0,0.0,1009,final,79.6,1018,0,,114,684,5870,2740,2740,11.3,1702281600,179,4.8,1.1
60,2023-12-12,10.8,28,244,114,96,798,477,14.5,1702418400,2.5,242,4.0,1702429200,10.1,1702450800,0.0,0.0,1006,final,93.6,1015,0,,87,683,5861,2731,2079,11.8,1702368000,242,4.8,1.7
65,2023-12-13,7.7,28,244,113,96,798,476,15.5,1702504800,2.7,231,4.5,1702501200,8.5,1702483200,0.0,0.0,1008,final,81.1,1018,0,,96,682,5853,2723,2301,11.2,1702454400,231,7.2,1.3
76,2023-12-14,7.4,28,244,113,96,797,475,16.4,1702594800,0.8,200,5.4,1702580400,8.2,1702562400,0.0,0.0,1011,final,74.1,1021,0,,28,681,5846,2715,676,11.9,1702540800,200,6.4,1.3
87,2023-12-15,6.4,28,243,113,96,797,474,15.4,1702688400,0.9,191,5.8,1702684800,10.3,1702638000,0.0,0.0,1011,final,66.9,1020,0,,34,680,5840,2709,810,12.5,1702627200,191,7.2,1.1
26,2023-12-16,6.5,28,243,113,95,797,473,17.2,1702767600,2.6,165,5.8,1702756800,10.1,1702731600,0.0,0.0,1009,final,68.4,1018,0,,112,680,5835,2704,2687,12.7,1702713600,165,7.2,1.1
83,2023-12-17,9.9,28,243,112,95,797,473,14.8,1702836000,0.8,150,6.3,1702857600,10.0,1702818000,7.0,7.0,1006,final,82.5,1016,0,,41,679,5830,2700,985,12.8,1702800000,150,8.8,1.1
72,2023-12-18,13.1,28,243,112,95,796,472,16.4,1702954800,1.4,143,8.9,1702940400,10.9,1702911600,11.5,11.5,1000,final,94.8,1009,0,,65,679,5827,2697,1553,13.9,1702886400,143,12.8,3.4
72,2023-12-19,14.1,28,243,112,95,796,472,16.2,1703023200,1.5,167,7.6,1703055600,14.3,1703001600,8.3,8.3,997,final,93.4,1007,0,,86,679,5824,2694,2073,15.2,1702972800,167,16.5,3.3
95,2023-12-20,12.4,28,243,112,95,796,472,15.6,1703059200,0.8,150,8.9,1703059200,12.2,1703084400,23.2,23.2,998,final,91.5,1008,0,,22,678,5822,2693,534,13.7,1703059200,150,12.0,2.4
64,2023-12-21,12.0,28,243,112,95,796,472,15.0,1703203200,1.4,209,4.0,1703185200,11.7,1703170800,0.0,0.0,1005,final,92.0,1015,0,,48,678,5822,2693,1151,13.3,1703145600,209,6.8,1.4
45,2023-12-22,12.3,28,243,112,95,797,472,16.9,1703286000,2.6,182,4.5,1703278800,10.8,1703260800,0.0,0.0,1005,final,96.2,1015,0,,89,678,5822,2694,2128,12.9,1703232000,182,6.4,1.1
16,2023-12-23,7.7,28,243,112,95,797,472,14.1,1703376000,2.5,185,5.4,1703368800,9.8,1703332800,0.0,0.0,1008,final,78.9,1018,0,,106,679,5823,2697,2543,11.6,1703318400,185,5.2,1.3
60,2023-12-24,7.6,28,243,112,95,797,472,12.6,1703458800,2.6,157,4.0,1703451600,8.3,1703419200,0.0,0.0,1013,final,84.3,1023,0,,79,679,5825,2700,1897,10.2,1703404800,157,4.8,1.1
84,2023-12-25,8.7,28,243,113,96,797,473,14.1,1703541600,0.8,194,5.4,1703545200,8.4,1703516400,0.0,0.0,1014,final,85.8,1023,0,,33,679,5829,2704,795,11.1,1703491200,194,4.4,1.4
87,2023-12-26,9.5,28,243,113,96,798,474,13.9,1703624400,2.3,160,4.5,1703617200,10.0,1703595600,0.0,0.0,1011,final,87.0,1020,0,,56,680,5833,2709,1339,11.7,1703577600,160,5.6,0.9
86,2023-12-27,11.4,28,243,113,96,798,474,15.2,1703707200,0.9,131,9.4,1703703600,11.1,1703664000,3.8,3.8,1008,final,88.4,1018,0,,33,681,5838,2715,793,13.4,1703664000,131,14.4,2.4
79,2023-12-28,13.0,28,243,113,96,799,475,15.9,1703800800,1.5,221,4.0,1703808000,13.7,1703768400,0.0,0.0,1010,final,91.3,1020,0,,70,682,5844,2723,1691,14.4,1703750400,221,5.6,1.4
89,2023-12-29,13.1,28,244,114,96,799,476,17.1,1703876400,1.0,167,10.3,1703865600,12.8,1703919600,16.8,16.8,1005,final,92.2,1014,0,,39,682,5851,2731,933,14.4,1703836800,167,14.0,2.4
55,2023-12-30,12.2,28,244,114,96,800,478,15.2,1703973600,1.9,200,5.4,1703984400,11.5,1704006000,3.3,3.3,1008,final,94.8,1018,0,,99,684,5858,2740,2372,13.1,1703923200,200,6.8,1.7
